userId,username,xp,level
437808476106784770,Arcane,46,3
641385620530266125,Helper.gg,50,1
513423712582762502,TTS Bot,80,1
743737747407372308,Nick Bot,100,1
286697179949694977,BOT Chicken,80,1
398344371201769473,TheFakeWorld,10,2
1066057160125059112,Reedroux,20,2
675996677366218774,PixxieBot,80,1
837324086719021106,Roger,0,2
882222486475907113,astro dog,90,1
972994201195278346,My Cute Robot,50,1
242730576195354624,Auttaja,90,1
1012665558845624420,Brutal,110,1
956551837274751016,Catchy,10,2
543225764036870167,WidgetBot,40,1
756523167903776851,Anju,140,2
735457450735697951,T√©o,110,1
457573832350236672,Friendlybot,50,1
1047925649039429692,s11esportsrenko,10,1
968594630276948009,c._4.,10,1
1132943335414304788,owo__8056,10,1
856594604812009502,toxic1835,10,1
499974131572539392,mad_rage,40,1
747337455782461482,_.faiyaz_,50,1
463388759866474506,Pineapple,40,1
921680086829260821,Rolex,30,1
752067809214857298,Dredd,20,1
193959067671068673,Ayana Beta,16,3
1133516195983790081,Ryzen,40,1
661660243033456652,zerodivisionerror,10,1
956315452223684640,legendsofngdb,40,1
1121541967730450574,SkyHelper,60,1
990044779800825856,NGDB‚Ñ¢,10,1
1154095357551194203,exe,40,1
1046075493121794120,Toquinho ¬≤,50,1
1012095607957110885,–õ–∏—Å—ë–Ω–æ–∫,20,1
538316380349661194,jeremy123g,283,8
781936353498759168,harmharm.,376,13
1136500032523206798,sheluvbandofr,10,1
345288889633734657,tiddylovr,64,4
515614459549581342,noaho325,214,15
593094474004168711,alanwen,100,1
873934253468024852,Invite Management,10,1
768534891154374768,InviteManagement,10,1
758592094964285441,InviteManager,60,1
739655534583480481,slider_plays,377,14
1114019689283211364,yae._miku,20,1
1153134189688934470,Levlr,60,1
1137563677285961850,Notes,80,2
983555043456352326,infinity_and_beyond123,40,1
1139641684079149176,Just Tickets,10,1
221930583335501824,catualus,50,1
276730462464901121,marco1223,30,1
614257135097872410,rlp81,10,1
1031668991854387251,elijahanine,20,1
782053704227487754,Botomir,40,2
883214512398925884,asraf.firdaus_,40,1
227835375643656192,sixiep,20,1
874625603310059530,mario84920,110,2
781294735167193099,FlashSystem,20,1
1054107312312291378,Fancycord (Witchcord),20,1
884321911876775946,Fairy,10,1
638872307263340555,Fusion,10,1
1020554741157220412,F√©nix,10,1
877347017544855612,xlilcreeperx,90,1
755487116615745607,oq_x,74,4
545581357812678656,megumin,44,4
338222603829510164,Atlas,10,1
1158483692696641669,WeloYT's Server #üé•‚îÉyoutube-content,136,3
1144467628954505226,Dino Bot,10,1
837160070919880714,lokthemagician105,167,5
490856805539250177,s0lverin,50,1
1158454975068913728,funnyguy0547,60,2
169678500893163520,Erisly,10,1
643038015437930498,kersived,10,1
716118482906906655,4ntizero,40,2
917645501820723280,woahyourdogwater,30,1
1117725271336964157,_s7x_,40,1
1101476120932667432,LightBot,50,1
841277709354008577,Friction‚Ñ¢,40,1
1086515680465141760,Econ Homie,0,2
780570413767983122,MediaForge,100,1
706935674800177193,XP,30,2
924540290461736971,Watcher,80,1
303799630532050946,Elite Looter,10,1
595989293961314304,.drife,30,1
388964061397778432,lenofag2000,90,1
146293573422284800,OcelotBOT,40,1
788446464547356743,lancaster34,10,1
1108731773443129387,mehmet_generator,80,1
688836512019644435,mofx,10,1
1130568604937617549,cyphergregory,30,1
183940132129210369,rjgamer1002,126,3
1043990016696795207,Humilde,10,1
558039389067018280,sniper060,40,1
567540642788540416,fantomphrost,20,1
851888360040824852,Mercury,10,1
189078368522600449,RobotOtter,40,1
1151311152496779294,flonch,10,1
9981709371576840242,andronicus9256,10,1
381387277764395008,Rias,10,1
903690362114158632,R.O.T.I,10,1
327975337663135744,maxii3247,40,1
471409054594498561,ukpm,20,1
694785745487003696,luckyluke34,10,1
69089633215979520,splitpixl,90,2
558635528342208523,neofetch.sh,10,1
420309589473493033,Multiplen,10,1
276782057412362241,exohayvan,50,1
727075947638947852,patelnirmal,10,1
916293204545003600,cadnollwynog,90,1
155867458203287552,kodehawa,50,2
769723482669842433,marshmallowco,194,4
736479302870368317,alon5757,166,3
1148925618772267048,rootl.,10,1
1003032651097178263,xhowtyx,30,1
1134772151426224178,yavuzselim0377,10,1
1146712164908945408,halil34kayra3,40,1
1120801707857805343,demkoexe,20,1
692450257644027934,ibrahim0019,10,1
1154814814481305672,sujpol,10,1
857913672411643904,tavidev,30,1
576741348154277945,blepygolepy,80,1
503061768726118401,bikucomics,10,1
644715405666943018,cheakwangho,120,2
773193286776389653,axelbolston,20,1
853178500193583104,_cool_guy__,40,2
628400349979344919,StickyBot,90,1
878253816531812412,JamJar,10,2
438959507389808641,Aiura,0,2
845746467641753600,S-Bot,36,3
960101593238347856,DChaoFileVisualizerBot,80,1
916347998794043454,Xu Music,0,2
174202555981758464,Clarity,80,1
1090749064343199834,xjayay,20,1
959609348097708071,_xjpx,10,1
474290761358376960,tom.006,60,1
885554004891947029,ahuman7131,104,9
432686113576976394,UltimateRPG,10,1
785196430796914758,Slate,3666,25
1159840314425626696,lulu_anytime,40,1
1154953587407990886,sakami_01612,10,1
1099213814391636078,walkerjusten,84,4
734206578542247987,arnievq,10,1
235148962103951360,Carl-bot,163,8
1092029341673734265,imanishkumar02,60,1
1137059439678074902,fevzipasha.,60,1
191909089599684617,rusty1908,40,1
543724828008513537,jxxyguptx,10,1
1027007568830275585,otismonsta,29,10
1103059998281580587,swox_isteaq,10,1
1132766063365476442,Clarisha,10,1
1146033001864634429,clowe.amp,30,1
1158074978084864042,hilmikurnaz.,20,1
1144466670119829537,axmilin,10,1
1011633031494246480,Majesty Translator,60,1
786154514407358494,sierraoffline,20,1
396173519953592320,lonoxx,30,1
378064852696039435,barkos.,50,1
910264557761593345,imdyingtokissyou,30,1
1068194643918987324,swernfallen,30,1
521034631626096650,axelllaa,344,9
533079485898293248,flashbacklog,20,1
1066965487671586817,iamsadsovietunionfal,20,1
1053747084198682775,dianoss,50,2
1128324073701773502,alfa_sef,110,1
1141043278947549405,ffdfdsfsdfds,10,1
undefined,undefined,undefined,undefined
1147267897723461783,aareysood1washere,76,3
578331932761522189,gaguinho7,10,1
981709371576840242,andronicus9256,7,12
463486103228514315,eric,10,1
534097411048603648,lostya,30,1
1159567430750834738,murat550696,10,1
1055401749873184768,yeager.san,10,1
390543442335236127,xappp,20,1
1134122060659040326,prijensheratha,10,1
557582369897316352,nobcop,30,1
177507549824811008,forded,50,1
691061795086925854,aidenlook,363,8
283946584461410305,yeci,50,1
656224488178057216,superpro_xxl_cool_gamer,10,1
1071659921382313995,himersos,40,1
264109085174005770,kneemund,10,1
1123317085418819636,eymen_24,50,1
1158802341487718561,tunar_12,50,2
1016370029631123589,cinarreis090,169,6
1156880125644783656,rizgar0153_41229,30,1
736887813974392844,bluaimz,20,1
733903910967836753,regisplayerr,40,1
853327905357561948,Appy,80,1
412709765421072384,zanou,50,1
1065395762298630214,burlone413,10,2
1141789795920658452,akiffriztche.,20,1
1010946492544069724,Deprem Bilgi,10,1
418412306981191680,BMO,7817,26
753757823535677561,HIDEO_KOJIMA,3582,20
187636089073172481,DuckHunt,108,18
652594290832441364,chocomint,817,12
518070897295228959,Discord Bots,1384,15
621929840710516736,kotchu,516,17
522951848399863858,lewisaaronwelch,140,2
807182830752628766,HLTV,1164,15
655157441612349453,Eeveeloutions,353,8
1160962974958235749,xxxtryharderxxx,20,2
975470915448090674,Valentin Gheorghe,10,1
618590935902584842,TOxic-Chan,20,1
1146913426338230292,Echo‚Ñ¢,30,1
1085406806492319784,IDLE FARM,50,1
1127020220163309670,RLAF,10,1
418842777720193037,Application Bot,10,1
993492028300218388,Preselany,30,1
302968847353249813,a5rocks,249,10
660210517671018525,imwide,10,1
147203919519416320,nemoia,233,8
1080187762537414847,Pokeball Rewards,10,1
662990111742492672,MT‚Ñ¢,66,3
455428041586376729,auravoid,187,14
228574821590499329,erisachu,60,11
437808476106784770,Arcane,231,7
858107264707592202,Unknown_useer,46,3
428051016643248128,mansellll,50,1
1146530065199403069,chick8n,10,1
87175509309419520,benjaminzehowlt,171,7
843535797826355220,ariel_.1,40,1
306142257818632193,Yuuki Beta,30,1
676126557034643523,cupcake,121,7
127981791402393600,bonsai._.,40,1
876122479968550952,barrier6634,60,1
1123660107293667338,Pok√©Fusions,10,1
875811233616519219,Noctaly,10,1
239809536012058625,snoot.pink,147,14
499515537173381132,thisislotan,40,1
869364265453244467,milonn,20,1
1155682535288864818,judge_1263,57,5
782633686218702848,mmk6,30,1
506883626936303616,ItsOnlyRNG,10,1
190590364871032834,builderb,221,7
280158289667555328,auguwu,139,6
1083004935551066132,Toilet Bowl,179,6
949692725027037194,lordcostin,20,1
279811031805591555,Lykos,10,1
691284104909422714,itzmann,30,1
1140535789290274827,JetMoon,10,1
1077672502349799596,Sakura Bot,10,1
850235530695540736,meraki4386,70,2
294576386696544273,D1-C3,10,1
851760449539407882,Jr. Kelly,40,1
1107953805003329536,Sentinel,10,1
987396259981721711,Themis,10,1
791971458372730881,Elysium,90,1
1085616825494155284,poxi bot,90,1
160677293252018177,Harmonbot,0,2
1084432530805108796,Pro Welcomer‚ú®,60,1
356831787445387285,GiselleBot,90,1
896250399584051240,Pixel,90,1
476303446547365891,Friday,60,1
456492080781328384,DAS,90,1
928966154817523723,L u c y ‚ô°,0,2
1048837687777431602,Void-bot,0,2
680358256732143626,DBIT,110,1
718078843721744494,GamerZone Global,90,1
570171110742556673,RBXBolt,90,1
968250211224932372,Warrior Bot,10,2
1016379490953330720,Micro,0,2
168169809303961600,Pollr,60,1
429656936435286016,RinBot,70,1
995456528473661451,Lobot,70,1
1154593596310298666,BR Bot,40,1
945411538985046167,Muse,110,1
544207672623235073,Emerald,10,2
603541055530598400,Support System,90,1
973994338377941082,Giscord,80,1
1122485239621619835, ö‡¨ì Krishna <3ÔΩ•Ôæü‚úß,60,1
431837317246877698,Amazing,100,1
1113874631489753148,Ultima,90,1
454564411596865537,Dragon Ball OV,0,2
1103238459109412915,Anti RickRoll Bot,60,1
473816281028493314,Somsiad,40,1
990765258186571817,Lightning,100,1
708428058822180874,Fishy.py,70,1
802267523058761759,Pixel,90,1
428634701771702282,CharizardBot,90,1
1114597604223889570,requests,90,1
219401942781132800,i-Tool,0,2
407929486206566400,Atsuko,100,1
564160684540166174,Rocket League Crate Simulator,100,1
722913076344782858,Sarnento,90,1
893158413402505299,Akko,90,1
846770591231246336,Manbo,100,1
626327927050600448,Pal-bot,30,1
1055209868899913788,zuki.gm,20,1
602158699900829706,MK Bot,30,1
310848622642069504,JuniperBot,50,1
1001168331996409856,In House Queue,30,1
990263875708551218,Teams,30,1
1112047638204928031,zagzag,20,1
720656641002962995,Clanbutler,30,1
405724335525855232,UnitCorrector,30,1
1130278529423114271,CoreGPT,40,1
947487125627088937,Anti Link,30,1
804132401453465640,VoidBot,30,1
107256979105267712,Kupo Bot,40,1
822981583832612904,DisGo,40,1
766713247562203178,PollBot,30,1
748256867662299137,EmojiBot,30,1
928323512135974922,Atom,30,1
1062341992106954762,Rustilator,10,1
979219206300106787,Lidraughts Statbot,30,1
927443769194868787,ax bot,30,1
821023224690114600,LoLCustomShuffler,30,1
288641089668120587,wadbot,30,1
742468030994448567,JummyBot,30,1
718493970652594217,Tickety,30,1
796646075321679912,Aborea by The_Bow_Hunter,30,1
708693822007279727,CSRage,20,1
333058936859000832,Samodeus,40,1
1001671313393463358,MC Status,50,1
748670819156099073,Aadit's Hangman Bot,30,1
770397295664431127,Arab-Duelists,30,1
554302918287818752,AlphaBot,50,1
816726565261803590,Lucifer Morningstar,50,1
320942091049893888,Volte,40,1
1117336878715256832,freso,20,1
702203935506563082,Lama - Auction Bot,30,1
747997152248070225,sita,30,1
865524120573181972,Status Notifier,30,1
946638851563225099,Vanilla‚Ñ¢,40,1
901245095502819358,Trade Hub,30,1
940389431213428746,PrimeBot.,30,1
1065192828860375101,vlone,40,1
810093575500726302,Rachel,20,1
1075956767026069545,Ai LiLi ÊÑõËéâËéâ,20,1
1106027638180565003,Sven,20,1
857650250940547115,Pok√©Best,40,1
720984651648204861,thefabolousdust,70,1
808706062013825036,MELON,10,1
1156990406135918673,big_boss0425,20,1
199217346911404032,luau,70,2
714234451944669185,berkayima,10,1
1125899673023041617,slld11,20,1
417982513689001984,alenkai,10,1
789903342285225985,toksik_waste,20,2
634184291374333972,jimmy.two.cans,20,1
1136174929021239326,MINECRAFT LEGENDS #game-announcements,110,1
952244656949841971,ta5t1erdr0p,364,9
671103768921636897,www.guilded.gg,90,1
455432936339144705,floatingmilkshake,0,2
190802537299968001,orangepulse,20,1
954674154924294184,Kurozora,30,1
1024721407499849799,_packin_,10,1
453609334316990464,anihilion1,10,1
531178365407854593,picsli,30,1
586857912111071235,luggistruggi,60,1
660649920013008926,ryaann.,10,1
1088767394094268428,Xeno,20,1
1083889866955309106,Want,10,1
449462150491275274,RuneClock,70,1
854373262460977163,Sharky,80,1
757591940442095777,HappyFM,10,1
200431291848589312,Lina_Inverse,10,1
1003698821504696320,Katzy,20,1
1067326393760886906,flex6021,70,1
1102668196961599550,adabqjwja,20,1
1091645543547158558,tralfa_42fb,10,1
1078636581763686450,streliacopy,384,9
99742488666845184,ovyerus,1064,16
716327868162113697,boothecat333,159,6
446994108863741952,deepjain,20,1
1060341119424151653,Carl-bot Logging,46,3
1151492920642379867,foxy_ahrizona,10,1
889897813356466237,matrix6966,50,2
818731660009930754,NemO,40,2
1146592040696696842,7slx,10,1
825617171589759006,Flantic,36,3
1006557956109779015,VisionX,110,1
711141521587568661,GrandCoinMaster,70,1
241930933962407936,Discord Bots Verification,30,1
1129116402033369099,ardapro0058,40,1
738051410481905704,juyyus,60,2
738667578074857484,d0nipren,80,1
1161763894696607856,lucas.4343,10,1
981646160798290051,Etourne,10,1
1136174583767105556,MINECRAFT #java-changelogs,80,1
858197128685551636,qaves,60,1
949342410150924319,Majo.exe,17,5
844411348573880330,liefgrief,81,7
970561321076658176,aleimitch,10,2
395902251778048000,.c0smos,40,1
619941571521019924,killerrogue,126,3
938185364806434876,u35,10,1
880633550808965160,qczo,10,1
950079325166780436,jackasu,40,1
265523588918935552,DisCal,10,1
903380664336928798,ChronicleBot,66,3
331308445166731266,darktideplayer192,10,1
427857409206386688,lulu5239,26,3
760184483659251753,Grand robot,26,3
1125759589774790766,ausra_1,10,1
881612238841077861,AlexGunDealer,40,1
775551331674619916,miguelex3,30,1
710562077445455923,__yfeh,30,1
666663453062332417,pumphand14,60,1
1038762769920565298,janboom,10,1
384089845527478272,nattadasu,10,1
755588579262201886,AFK Bot,20,2
964527861870518323,Alman,90,1
628762772129316864,joberbing,24,4
821455243786846214,jbg_coop,10,1
842078182722109470,n.i.c.0.l.a.s.,30,1
779140620445941810,ltxi,10,1
1083784416842764288,p_____________p,100,1
301379068941828096,faithie,201,7
683990289492475943,fdzx,20,1
710091399290159144,YuzuX,20,1
747013139777716294,brokenedtz,20,1
1059759562137272330,.xipver_,20,1
466339908819091457,suiseiseki.,50,1
515313851693137921,galacticcolourisation,30,1
1140572725631516673,dollar0550,10,1
1038138572613619793,TwitterFix,10,1
622175113793634325,redestonecrafter,0,2
979690014499827712,jmx94,10,1
1013157629037645915,gui_disc,30,1
293824917693267978,officergibbie,20,1
794891881259335690,Usebot,40,1
801705774426095639,Koyn,10,1
1066895131485163570,Pippo,10,1
1103724496130683113,Jackalope,10,1
755344077846741002,BatBot,20,1
383854640694820865,Bastion,10,1
801325871339798570,Hyogo,20,1
894322783172046859,Kyuri,10,1
967385243877245018,Erise,10,1
751117767712964679,JoKeR,30,1
812347275698634762,Bogsy's Dice Bot,40,1
1022901961604997230,Ventex‚Ñ¢,60,1
738788356506386462,Donut,10,1
907812589306773524,ReeF,40,1
897515094248931398,CyraBot,20,1
439205512425504771,NotSoBot,10,1
691738788875075675,EmeraldBot,10,1
831791433731145759,corion,50,1
1030248474937131018,LevelUp,100,1
1158349986673741844,taha01123,10,1
74527790514311168,ninno255,10,1
787379716351852616,randomguymountdewsparkfan,20,1
809561873040146461,Ravi,20,1
939986359697956874,ESP CUSTOMS,50,1
1021062400696389692,Nazuna,30,1
1055196262896500776,ChatGPT,20,1
1071317814847225906,Tuck Yo Homies In Bot,10,1
647203942903840779,EggLord,40,1
821789676255969301,zagzag990,10,1
161866631004422144,martmists,110,1
590875611891761152,pavichisadev,20,1
435497505883422721,vannfrv,40,1
300812738261942272,cninja,110,1
508391840525975553,Tickets,114,4
780453103173632011,Professor,40,1
456251894457827340,classsicsz,10,1
454357482102587393,noellieuwu,50,2
932262724258398219,rishaune,30,1
1050068181504499732,Musi,10,1
104367307152695296,sofaygo,10,1
443867309279412235,lz4k,20,1
839928720521035856,sussybaka5678,10,1
156320970448175104,sr229,70,2
1161033752454119696,newacc20232023,50,2
771741202001035326,Arco,10,1
1068408126698696774,he,30,1
726116310773137418,Ptarmigan,30,1
508759831755096074,K-pop Music Quiz,20,1
1022581895516672050,Polario,20,1
990364385149071450,Astroz Security‚Ñ¢,10,1
196574963673595904,42,30,1
902498109270134794,Minesweeper Bot,20,1
871336640503775282,MiniBoy,20,1
708282735227174922,GitHub Lines,20,1
348869590958342145,Hackerbot,20,1
1003658898768658442,‚∏ù‚∏ùAkai,20,1
804831854740897853,Xilla,20,1
833837175241179177,palacelaw,20,1
930596365426360421,Doggie Bot,20,1
325333622972481547,Utilbot,20,1
239631525350604801,Pancake,20,1
767705905235099658,Pogy,20,1
143090142360371200,imrock,20,1
1126103063015473172,ultra_gogeto_,20,1
933416533483487272,Meowy,10,1
684550156385124474,BikeMan,10,1
640265742876672000,doneagar,10,1
591726984879538203,Natsuko,20,1
817112336783114321,SmerfaBot,50,1
1002188910560026634,Evolution X,30,1
878850717706756116,whatsyourname.,10,1
1133311579782385774,Naisha,10,1
1144006281649201307,abdo0289,10,1
1037853504720613476,mrbamwastaken,10,1
771326822557417492,rwix,10,1
1161036029583691856,Piggy #community,110,1
980951711013277746,alfonsop123,30,1
1163908045173174402,paul_18601,10,1
1020849043762577499,trakess,20,1
698346087664058371,flowwithnohoes,66,3
608739068385296384,big_chungus51,10,1
797759941598380063,.dark0toto,20,1
952461615154995230,demonking_rimuru,10,1
1123692851503566968,gm.mafia.soon,10,1
917363810229190656,vizronix,20,1
625077570840297502,sirinfinity,50,1
937797887121825832,aja.pryor,10,2
449504378307739648,king.pessimist,60,1
1025983275925262426,Sage Music,10,1
962093056910323743,AIAS,50,1
1062912672993124352,Victier,10,1
921836922526109696,IchigoBot,10,1
264003370589618176,crouchvl,10,1
491168478288674816,itaync,50,1
1147849504083685428,thxbad_boy0007,30,1
352109128598028291,felixb,10,1
1087656468108562442,ChocoGuard,10,1
1109274281243840622,yeetdude123,413,8
759221210219020308,onion6042,10,1
812511592506982431,clixy8940,10,1
1065767205431689246,monk8167,40,1
880242090389413938,ùñäùñíùñíùñÜ,10,1
999761640364978237,over_minute12,20,1
1142699893446676610,zackzo,30,1
879277521500262460,rithh8561,40,1
784851074472345633,izzi,10,1
155149108183695360,Dyno,40,1
903237169722834954,typedrago,50,1
1164851295459487766,bee_fly_sting,10,1
757050742379905056,angeldev0,10,1
144552272217505792,connorwrightkappa,10,1
383320268157878273,shalev7883,10,1
1127644605165342812,curdmanson,30,1
571013043509657612,piste,10,1
1096668230858309763,tristanrtx,60,1
270904126974590976,Dank Memer,510,11
349573743343042560,Axel,10,1
1164665572466888715,jayistuff,20,1
840681796914905100,Realm Bot,50,2
707866373602148363,domino6658,50,1
238435934708826112,kranthos.,20,1
281093128054767617,paulexplorer,10,1
510016054391734273,counting,374,9
916061979028910110,germany_mapper_de,20,1
457926967661035522,noam120606,70,1
884808453103702087,matrinalow.,30,11
485801281621852175,marciel404,30,1
261299748357668865,tso_uwu,30,1
1172561889801289859,xanathar1300,269,10
470044792361844749,greythornvideo,70,2
155659573515124736,cheeselover5,30,1
478044823882825748,namija,10,1
332864061496623104,nerrix_,10,1
1168099052752228373,flynn0574,10,1
351610995258425360,n3428,10,1
431183447667638272,maniek_0,80,1
102528327251656704,solararray,26,3
1172751770141859841,sparsh___,10,1
490203741459578900,lexerekkk,100,1
801007955109216257,Puggu,10,1
864131612844490762,Sudoku Play,10,1
1139196954157535303,WoWChars,20,1
1018901285988208660,Groot,20,1
450301324635013131,ExoBot,20,1
1068627569760550994,Threaded,20,1
327150443610505227,X Bot,20,1
855042237687791646,Foxel,20,1
808690602358079508,Inferno,20,1
821412547097395302,Athix,20,1
874995214543093770,Clans,20,1
1001808611577692195,Ocean's Mod,20,1
813572045166215189,Message Tracker,20,1
845153824742440991,Muzox,10,1
340476335279570945,Monika,10,1
891607055595601930,FlyBot Halloween,10,1
739936819721797642,Tippy,10,1
830626887779876884,Scriptly,10,1
208460737180467200,Hourai,20,1
811652199100317726,Scripty,20,1
982003572126400613,foxtrot,20,1
987288451110019082,BC BOT,20,1
816842865732091924,Acoustic,20,1
276855867796881408,Vinny,20,1
1161716046772850829,onuroyuncugral.,10,1
1050796349861408798,kolami,10,1
975898528859697182,deemdev,10,1
152566937442975744,maisydino,30,1
1172231335822245922,ahad7217,10,1
456633518882160642,YouTube,166,3
993761713117745163,manzanita_pro,10,1
724677410293022810,glitchedlime,20,2
700163564304072745,tannerhunley,40,1
590914889170812948,lolpleplays,20,1
158049329150427136,snazzah,30,1
128392910574977024,wolke,10,1
178586069351137280,7coil,10,1
812111040891322399,cactus0910,10,1
857774968111759370,ovctwtch,60,2
459023436992348160,maxmained,10,1
1104799175331303576,jeffer.dre,10,1
925303810077884416,Ripley,30,1
800296101252956170,EditVideoBot,10,1
742137842850988042,Hytale,30,1
1113808475001192448,isabella.mcs,30,1
1121614808102490172,sparulius,10,1
1016163543667708035,fox._.wcue,10,1
1056597219471523890,jay11681,20,1
905184656113147924,pr0m1l,10,1
529337093298585603,kaibamanyt,10,1
888795215350079498,Akatsicalüéµ,70,1
984854799856058372,ohmyhour,10,1
349594558864293888,excordo,10,1
969507214995894282,kasramarel,10,1
661271723215421450,the_bisounours,10,1
1105947298531381428,theuzwastrolled,10,1
945818581915033701,idkmynamemynameis,130,2
830530156048285716,Lofi Radio,10,1
1169630476596682852,johan_0690,50,1
553278836226129933,yunfachi,10,1
1144195833613537391,drgdev2,10,2
936957066600390697,villastankova,40,1
242255451247476736,medriox,10,1
773172804110516224,x1212,30,1
115135754052698119,muhahahahe,70,1
1171420326022881322,kemmy_free,40,1
585393140698185738,alexgeta,10,1
916624846698459186,gsdeshmukh,10,1
1135209785424359435,nx_44,30,1
1137367347049537576,twist.officiel,10,2
340965654121283585,version_1.69,20,1
434556304661544960,Waifu,40,1
746781930078601367,Ruby,116,3
991515098608832612,wolfmox,136,3
302050872383242240,DISBOARD,269,6
735147814878969968,Fibo,284,9
1173747175059112118,üî• Fireplace Sounds üî•,100,2
375805687529209857,Streamcord,90,1
159016432498114560,torchgm,80,1
457245778231164939,redeyedjedi4770,10,1
1089931393733251132,Okaa,60,1
onewrong,10,1,undefined
1173802913332744363,24/7 Thunderstorm,50,1
1173849185523609690,24/7 Lofi,60,1
1173818265550725250,24/7 Snowstorm,10,1
845943691386290198,Status Checker,86,3
663125564701278254,dilshan_ka,10,1
1093931267130662973,Mitsy,10,1
753492922669858827,alaotach,20,1
774674453065760828,karanaggarwal.,10,1
765605559759536229,zahadneokurkycz,10,1
906732932918542366,Minotaur,10,1
396571938081865741,ashley0143,90,1
495505932504268800,xturky,20,1
961755693969453076,Alb,10,1
953361828149329930,javacanda,20,1
651118934837166100,5djr,20,1
681535786495377431,.user.dice,0,2
1,undefined,undefined,undefined
422497556476723200,thiscordialwolf,156,3
348472384149389313,weavile0,10,1
650356024896782381,ildiamantedisl,20,1
1172968142021083237,Txt,30,2
1096745893014810626,caini_cu_pula,10,1
346328447804506123,cuzimsyntax,10,1
910418060962299914,raid31,70,1
994571066603212890,Nahida,10,1
1174081537684291725,24/7 Moony,100,2
1159629471737974906,shane_20,143,8
797535647572819989,gorge_gemm,0,2
160105994217586689,Miki,94,4
989259308791373825,silly9055,489,10
1174137218181369878,Wave 24/7,4,4
330760055072751620,0xmrmister,10,1
1107347247231946783,demonslacker,26,3
1174192570914590860,D20,136,3
999736048596816014,Ballsdex,3,8
669228505128501258,Pok√©mon,247,5
828243870168252436,ayo0o0ya,40,1
1116884573842833458,Ghostnet Systems,10,1
685166801394335819,TomatenKuchen,20,1
338897906524225538,pawa,20,1
159985870458322944,MEE6,146,3
1125124668450422874,Sea Battle,10,1
1152592127075823696,AdmiBot,10,1
892454292924014592,Thor,50,1
1165179469737238559,GameMate,10,1
1157823358801551360,Server Assistant,10,1
789258242235695145,Carl-bot Logging,1056,13
556482905858113547,theqingod,30,1
135923847147945985,coolguy3289,10,1
1014204798561697882,sushipeoples,529,10
838451470046724106,adiion,67,12
400460072649621524,jonathonreed,1394,15
828365953136984075,dannyoboy,80,1
214463059601784833,stupid cat,10,2
886365932916731944,armed_goose,44,15
852572302590607361,loydosborne,484,9
786542258921013248,codnoa,60,1
183758147029041153,wodiw,20,1
1033774258670813205,Resist,10,1
202113578512154634,your_boy_winter,20,1
480633657086836736,eeemoon,30,1
1136174616516239402,MINECRAFT #bedrock-changelogs,20,1
715898328973574185,robelo06,30,1
839079536452829184,moony6877,127,5
134133271750639616,blargbot,20,1
780901071425634304,wosky_,11,7
871059591474057249,jannick1837,10,1
939658538022744164,i_love_pigeon,339,10
569936956486713354,lordgoesoff,30,1
748579331198156920,xxkagancootr,80,1
153353572711530496,craftxbox,70,2
755478865454956604,0.ptr,20,1
1055478076013817936,0x43101,30,1
568225077355610126,aeif,184,4
1035415887135653928,coachgriffin,10,1
1033016187828846693,that_vr_kid,30,1
563434444321587202,Maki,54,4
1087985736533409862,GitHub,69,6
839952893482369044,Pandora,10,1
404468475516420096,firefly707,9,6
955371879412142090,mcmeece,20,1
472911936951156740,VoiceMaster,100,2
968233504947191919,majimatherapwrestleguy,100,2
312145496179474434,solelychloe,83,8
713423827232882769,lilmistake.,80,1
613281145374638081,sop1,20,1
1093611002437832925,poley4143,30,1
497154010281934878,f_14_tomcat,60,1
1152635997880860882,rafayrtx,10,1
645734424163385448,6unday.,10,1
372851730402246667,miike3459,10,1
758421614592786495,Honkers,10,1
890247030507704330,SwearJar,40,1
954695799411974165,GiveawayBot‚Ñ¢,80,1
408785106942164992,OwO,20,1
788681862536495124,Sandwich,26,3
624955196040282123,Hanni üê∞,60,1
942674412178653184,sorrow,30,1
719806770133991434,EpicFreeGames,30,1
724950567541145653,darko.,10,1
582004605303521286,sweetmemaria,324,9
1106646788028510332,serat1244,10,1
338126833595973633,bsr_02,20,1
280402967411163138,booridjr,70,2
769558726860079114,bestmoonman,30,1
595775080567537707,.ismaels.,40,1
1040335106444906627,Discord Developers #developer-news,10,1
886479680281149491,doggielicc,110,1
80528701850124288,R. Danny,40,1
491769129318088714,Statbot,10,1
941841810790174772,mastertago,64,4
451460034686091265,amtix,20,1
937670177892491275,.desynced,40,1
717734323364823042,rippleiscute,81,7
1120631409619509320,Spatch‚Ñ¢,10,1
877202123346038785,jukutpremium,10,1
543442623957041152,Sirius,10,1
417229971061473290,Stalwartle,10,1
351804839820525570,2brx2b,10,1
1164035177241137202,pec_as00,40,1
155651120344203265,allytally,40,2
1047697277583638539,isoowsepder,10,1
1169481736623751219,snackrificialduck,50,1
417681827667640320,fadedhipster,40,1
1142831872854990879,moslem_eltchapo,10,1
358575882836770826,_aidas,30,1
400200362029613057,unknowns3008,20,1
1159863525561356379,flughand,10,1
989440183428599849,Isekaid,60,1
899732296414941206,Pornbot,30,1
550786131336232961,Persephone,70,1
868832984172724285,mrquartz,20,1
469441552251355137,puv,60,1
1175104796567552121,Game Bot,40,1
1077671579187675197,bitwised,20,1
869727343822901258,strat4045,40,1
587625770004774923,hasengamer2023,20,1
603868522195714049,bilaltm,10,1
1143229521567432724,pedro_roblox_57668,10,1
718458417232085104,almazzik228,10,1
577619893311111168,iimaxerii,10,1
1122572601638797452,Atomyx,50,1
701185178214596652,Wummy„ÉÑ,10,1
396531454558994443,Reraaa,10,1
762271644029943838,l.u.cifer,10,1
774732068282171424,002,80,1
1041903492400435261,kylauwu,10,1
791365835184406558,alphaleader.uwu,10,1
817391444946845727,eren._._.yeager,10,1
430044815842082826,not.ansh,10,1
862189630992547911,Pok√©arena,70,1
854128971125620736,KannaBot,70,1
1121744755936739388,Anime Update,70,1
708192957987029012,llkeru,10,1
197015089944068096,Coly,50,1
96269247411400704,lewisakura,281,7
981755777754755122,.phonkoholic.,40,1
1171981265738674298,bdwe0224,10,1
356107472269869058,kspalaiologos,20,1
219067402174988290,alula,0,2
812040914913591336,hesiiiiiii,10,1
831934465609302056,mr.sinre,90,1
825631375792144384,d0nipren.dogtail,30,1
338483733281767424,.turdsandwich,20,1
204255221017214977,YAGPDB.xyz,10,1
1154301131464388738,rain7870,10,1
857944814863646730,kunal.7844,10,1
429315263717179415,ziad87,137,5
514228508289925121,uwu,20,1
828100639866486795,Don't Panic!,556,13
1162796270281310379,jj.uwu.,30,1
1051421127706157056,.apunya,10,1
659166266711605249,.puzzy.,60,1
810500340616921088,0xh.,10,1
1157522332026421310,POMN,10,1
1157787472600768583,Nazuna Music,90,1
1050387073875595267,ZoYo Hosting,10,1
151916651988647936,pikadude,134,4
1172404943353827348,‚ÄîÕûÕüÕû Luffy Sama,30,1
492131441375838210,cake,30,1
1093655510126952538,carlrusty_v_loccos,10,1
522126315780964393,kidus.,30,1
1127678381798994000,Eris,20,1
1170453790420373581,larkerlegit,10,1
1064555239493087252,imnotmadara,10,1
967103564642136124,duluper,90,1
353642673573199902,swonts,20,1
519576286570610699,jimpex,40,1
1153326241605222540,pilartxo_bcn,20,1
806214678627483651,unitednationsoffical,90,1
1073819368191959040,davickstwo1078,10,1
877581307788541992,kiraa7566,10,1
1148244984210919456,atonask_x.liltonlepios,10,1
170915625722576896,DRPG,40,1
912362420096344124,_arava_,10,1
466547527613939722,Rosalina,60,1
181353804266995713,oxylibrium,10,1
1128557820472741959,elgruexo,30,1
1022419550664400978,„Éã„Ç≠„Éº„Çø„Éª„Éë„É™„ÇØ,10,1
209769851651227648,smol_skyz,120,2
1161948246772559892,Gregotron,40,1
1172549119886250036,bunnkvibee,10,1
1175786523384361121,vytkitty,10,1
753217458029985852,RT Pollmaster,20,1
170868059882389504,seksi666,10,1
860549250450718742,slimi2,10,1
401549924199694338,SafetyAtLast‚Ñ¢,30,1
584213384409382953,YEEÂºèÊ©üÂô®Èæç,20,1
847144338240569376,ZiBO,30,1
931202912888164474,Spruce,30,1
309878089746219008,Canti,20,1
1153098597542400051,A$troBot,10,1
883974139059261490,Marvin,10,1
916372883087974440,Melpo Verifier,10,1
620307267241377793,Gamebot,10,1
1108679074655764542,Duyre.ryy,20,1
736086156759924762,Antares Bot,10,1
995152223245975632,–≤–µ—Å–µ–ª—ã–π –ø—Ä–∏–∫–æ–ª,70,1
1047613798464360498,Apptime,20,1
745758762115137657,Caneria,40,1
451379187031343104,LunaBot üåô,30,1
1089931393733251132,Okaa,20,1
245339452464037888,overmage,20,1
758704185968427059,riotly,20,1
1172295644275298490,pzp7starbr,20,1
979955045799960637,hq_justin,20,1
1123629125484159168,3krm,100,1
1010923202941300776,k.66_,10,1
780937724001517608,_0x90,30,1
1052223846532513973,subhadeepghosh_,60,1
1099955820147519578,Transcendence,136,3
1170374025676079145,jcbjunovan,90,2
1133439371270434978,herocomplexity,80,1
275750056676818944,jamesdahlbender,50,1
615618687470403602,resad_d,20,1
913041821918187522,kaws806,20,1
368521195940741122,Lawliet,20,1
493722174666965003,roopelspoopels,20,1
1075864248414113873,oliver_ol,10,1
438484523882119169,synthetica_,20,1
613545019663712261,amightytank,20,1
1176263026584846427,lindabrown0802,10,1
1007075904314429500,dtblocker,10,1
670398653227204640,screamingcreeper,70,1
898629308761899051,CanadianMade,10,1
509429653081948191,greasybacon_,10,1
915533218453782549,name.404,60,1
801027359087001631,Shibe,40,1
1070357587876393002,EvoX,100,1
728332591790293044,OFFlimits,50,1
683053587215024213,Gradient,80,1
1023249050272792699,billol,30,1
135251434445733888,Spectra,10,1
710672266245177365,ClemBot,10,1
809017610111942686,Dice Roller,10,1
1118220952556286013,Cynthia,10,1
858460009284894750,Rankie,10,1
224956654846738432,cyberblitzbirne,10,1
996679848120561774,pals_report,20,1
920797181034778655,jzcob,10,1
657542394576764938,electrify.3,10,1
1122413326174003290,Flame,10,1
849947229523279882,furkibu,70,1
929742763036123138,Champ,50,1
1091762298059771986,Odyssey Bot‚Ñ¢,10,1
216379983596224513,bffa,10,1
494689229473972224,.yungboi,20,1
259708781166985217,dzlandis,10,1
767484682769399878,ve1.,10,1
1036416037857525900,GiveawayBot.,10,1
931226824753700934,Aeona,10,1
642416218967375882,clari7744,40,1
736720144390160436,ocean2675,56,3
721054839554965545,a p r i l,0,2
134073775925886976,MathBot,80,1
714550610489508050,domeq,10,1
1063619913593405521,HentaiBot2,10,1
912812466377998396,Rune,10,1
673994042450903089,Emojifier,10,1
511173424522199070,Aleeva,10,1
725721249652670555,Custom Command,10,1
935514626735611945,hamid0786,20,1
863874799255814164,pirgu_,100,1
997165748860489848,tymo1223,10,1
414734876835708928,mikko.,20,1
748644322446016563,faxdelas,10,1
756571779098476644,camilou1999,50,1
751929465474646066,jamiemorningstar,20,1
1018940826627362836,adam1280,10,1
701525178349387868,jevalent,40,1
745907514373046303,fenrisulfr9450,30,1
1025434393541627934,kasdyl,10,1
524371727812263948,gideon_foxo,30,1
1055535138643136542,leahkofficial,10,1
774377805466566677,datcomet,10,1
820952511589646356,sense.less69,20,1
332638959383347201,osnar,10,1
1085907367763394611,gafjustgaf,70,1
905086193186766869,52shubh,10,1
704983780682760242,thedvrkwolf,20,1
266624760782258186,Skyra,10,1
994991593494941807,Stade,10,1
921562825703436329,Shinobu,10,1
210805198002585600,jagbot,10,1
224606298673512458,439bananas,30,1
292953664492929025,UnbelievaBoat,20,1
528696449916207104,bandit019,30,1
912083325273915402,affenwunder,10,1
456443941169004545,spacebanane,36,3
591865042996297729,hurt2squirt,10,1
1177411777101828167,78leonardo78,219,6
630059176407728138,thebloodcloud,70,2
968995158983073923,savior9577,130,2
214175043846930432,broman.dev,10,1
445171211127881750,plavorseol,10,1
788425548384174160,rnilaweera,30,1
1155068265454903378,altizachen,20,1
448617872902586379,classyzxl,20,1
1135349174251049011,jaybug826,80,1
787162619504492554,cafeBot,30,1
983405463959916555,Shrimp,10,1
265162449441783808,beepBot,20,1
716293342740348948,Pokedi,10,1
908418162687619133,Asuka,10,1
706865701373345813,Noodles,20,1
766647665647288350,72_helper,10,1
700743797977514004,Friskytool,10,1
786055185813864518,mutantsneeze,50,2
183787081825255424,k4hveci,10,1
1171816614543511625,techydevelops,20,1
1175183523930452039,fortnte._82844,10,1
195156669108322313,zookfoodle,40,1
168497908314800129,Uzume,20,1
173471643895595008,Boat,50,1
610924161979908136,fbm_vsj,10,1
1045011821838475334,japlic,50,1
85614143951892480,UB3R-B0T,30,1
564426594144354315,Suggester,40,1
298827078013288450,Accord,40,1
526543913788637204,Bowling Ball,20,1
613694998524985354,Edward,40,1
1156795645630361652,Alfina,10,1
356268235697553409,.fmbot,20,1
681137419663441933,Nors,40,1
847972974786248704,LabyCheck,40,1
1143861352453124149,StarBot,20,1
883474362416635975,BD Security remake,40,1
740158040615157791,ClanButlerLegend,20,1
831231000507318312,GlobalX,40,1
805150455378345994,Ducky,20,1
1069983815310778421,Noisy,20,1
948637316145102868,Orator,40,1
1131716663629332530,mixy,20,1
804118603397726260,aSoc Chat,40,1
360404222908432384,Anti-Bully Bot,10,1
752528726163456060,AI,20,1
982994529080725545,vincenzo,20,1
698665757684400157,diablo4585,70,1
767855378590859275,mightyfckinguy,10,1
810725754374979616,GF Status,10,1
1071376465318379520,Pinned Messages,40,1
685851531790123031,kaiyune,10,1
942391345295818812,mattyice420.,20,1
343383572805058560,vending.machine,10,2
718827787422793820,Hystats,80,1
825382504353234954,alvinjoy,10,1
928361369651265536,malix.dev,10,1
825956023092903956,angel7510,10,1
1006756422782029876,TearBot,10,1
172002275412279296,Tatsu,10,1
189759562910400512,brain,10,1
1170117137466138788,tavin_02,10,1
947523937649193041,Hile,10,1
940823171765006357,againstme,10,1
1143598559816601670,nkcsc21,10,1
427474478646165505,mist7k,50,1
532206174939119620,imperatorsim,10,1
1133892134701891687,blackd3ath.,10,1
647269760782041133,espimarisa,10,2
973736581280182322,walid1823,10,1
557628352828014614,Ticket Tool,10,1
432610292342587392,Mudae,10,1
373876072183234570,steelix_0,10,1
808720142137294949,luihum,10,1
1156134562418663585,UniBot,10,1
994704721388515338,tahminahaleem,100,1
981649513427111957,Would You,10,1
1153677175690637382,ladislav_42673_67950,10,1
1117912749146656790,douxx.py,30,1
190916650143318016,advaith,20,1
1028163443414532207,caleb45,10,1
240254129333731328,Vortex,20,1
377509867923046404,eddymvp,10,1
980568080981848075,barb0542,10,1
671549251024584725,yetnt,10,1
119482224713269248,Lindsey,10,1
194156730228277248,Yaksha,10,1
619460266962452480,sayouri01,10,1
921675266898657291,ritik69,10,1
733750321997807757,hnc.,10,1
103347843934212096,stupidcat,10,1
616105710706622475,excel_infinity,10,1
670693338332004364,furtifoppe,10,1
721812101823463475,Bbqchicken,40,2
481068576363773972,itzwebster,10,1
1102866239975587841,keeshia_.,10,1
589930878378049537,subprocess.exit,60,1
150422367049482240,lob4,10,1
985853273225445386,ares50800,10,1
532288472946442271,barepman,10,1
401669918233329664,c0nfuse,10,1
964607839706423376,nowzcry,30,1
1044050359586394192,NotifyMe,110,1
352201506998714368,landorthegreat,50,1
1023772836407545876,packgoddddd.,10,1
438118478155743243,breaddrawsstuff,50,1
292212176494657536,Highlight,20,1
801742991185936384,Ami,10,1
268808923841167360,jp_teixeira,10,1
747403406154399765,amazingakai,30,1
145162973910925312,hcgrandon,10,1
886971572668219392,moonmachine.,10,1
209650831098642434,omar1111,10,1
1083501998650953748,galasalih,30,1
1115679315410042891,cedricig,10,1
227428335687303168,vibeman1987,10,1
980969880960520192,alef_santos,10,1
849376795966570517,leveling,10,1
694964189105487983,kkaitoumae,10,1
1137313595651264522,spike0857,20,1
224906648890638337,gardensnakes,40,1
773526600419377162,drakonblaze_,10,1
827990028995002388,umair4678,20,1
702995150388986016,manu_1025,60,1
936875191580102666,Moosic,30,1
641385620530266125,Helper.gg,10,1
1002295868428386434,_xeyo,70,1
1152086338900873216,alt.beastboy,20,1
1107359157566324767,hazelnut555,20,1
532299691518459907,kingx55555,40,1
834775812729077800,taking_a_nap,10,1
249256265488924672,anth0kage,10,1
751368543391449147,lelewithheart,30,1
995000644660383764,madhav_1111,10,1
424834280124973066,julpav,10,1
1061653805827113012,realyetrelentless,10,1
1162376062378979350,mishael.17,10,1
94203228043874304,magicmage,10,1
1136174952534523925,MINECRAFT LEGENDS #changelogs,10,1
190544080164487168,system.runtime.interopservices,50,1
1066456992878706760,lucass0429,20,1
730304544101105695,bajrangdalleader,10,1
778227864079302697,xxpark3rxx,10,1
707525693780787232,tapokitpoitigopotlhipegama,20,1
217299114843439115,mrxcao,10,1
175408504427905025,jedayoshi,10,1
875595707447390258,ravena4833,10,1
490707751832649738,TacoShack,10,1
1171685287936659459,mgpmastyt,20,1
896316844225470474,sunnythereal,20,1
1101320015849992303,chimdisamuel,10,1
851588007697580033,.nyr.,20,1
273216249021071360,iamanissue,10,1
636598760616624128,z3r0.69,10,1
378463405054623747,itzj0k3r,10,1
869789372969537556,Discord Developers #discord-api-announcements,10,1
1054210953924849664,tears_of_the_kingdom,10,1
519903611120123924,god_of_the_dragons,20,1
778697286950715413,Shiroe,20,1
938931317981204510,brotato2113,70,2
1147308835808235581,ScytedTV,60,1
537451505041539083,kweebie,36,3
1153408955465355455,Levlr Dev,50,1
undefined,undefined,undefined,undefined
